{"cameraMode":{"drawMode":0,"name":"Shaded","section":"Shading Mode"},"sceneLighting":true,"audioPlay":false,"sceneViewState":{"showFog":true,"showMaterialUpdate":false,"showSkybox":true,"showFlares":true,"showImageEffects":true,"showParticleSystems":true},"in2DMode":false,"pivot":{"x":525.5985717773438,"y":100.79999542236328,"z":268.71923828125},"rotation":{"x":0.017998743802309037,"y":0.005397171713411808,"z":-0.0000971770568867214,"w":0.999824047088623},"size":2.9882595539093019,"orthographic":false}