{"cameraMode":{"drawMode":0,"name":"Shaded","section":"Shading Mode"},"sceneLighting":true,"audioPlay":false,"sceneViewState":{"showFog":true,"showMaterialUpdate":false,"showSkybox":true,"showFlares":true,"showImageEffects":true,"showParticleSystems":true},"in2DMode":false,"pivot":{"x":-140.635498046875,"y":227.04928588867188,"z":-125.2281494140625},"rotation":{"x":0.010499666444957257,"y":-0.00539779057726264,"z":0.00005669805977959186,"w":0.9999327063560486},"size":363.6152038574219,"orthographic":false}