{"cameraMode":{"drawMode":0,"name":"Shaded","section":"Shading Mode"},"sceneLighting":true,"audioPlay":false,"sceneViewState":{"showFog":true,"showMaterialUpdate":false,"showSkybox":true,"showFlares":true,"showImageEffects":true,"showParticleSystems":true},"in2DMode":false,"pivot":{"x":62.630340576171878,"y":-90.30514526367188,"z":2301.015869140625},"rotation":{"x":0.02399769425392151,"y":0.0006017187843099237,"z":-0.000014430266674025916,"w":0.9997124075889587},"size":2791.101318359375,"orthographic":false}