{"cameraMode":{"drawMode":0,"name":"Shaded","section":"Shading Mode"},"sceneLighting":true,"audioPlay":false,"sceneViewState":{"showFog":true,"showMaterialUpdate":false,"showSkybox":true,"showFlares":true,"showImageEffects":true,"showParticleSystems":true},"in2DMode":false,"pivot":{"x":541.3923950195313,"y":95.06053924560547,"z":296.3657531738281},"rotation":{"x":-0.16989004611968995,"y":0.05789059028029442,"z":-0.010016744956374169,"w":-0.9837518334388733},"size":27.07046127319336,"orthographic":false}